"Timestamp","Sign your name here","Please check this box when you had read the description above and agree with it. ","What is your age?","What is your gender?","Are you currently in school?","What does your day normally consist of?","On a scale of 1 to 5, how often are you browsing on the internet?","What websites do you normally visit when you browse the internet?","What electronic device do you prefer using for browsing the web?","Do you play video games on your web browser? If yes, list a few.","How long do you play video games for?","What video game genres do you normally play?","Which of these web browser games have you played? ","If you played at least one of these games, how did you hear about them?","What do you like and dislike about these games?","What can be improved in these games?","What would you say to your friends about these games?","Would you play a web browser-based RPG game based on a post-secondary school campus?"
"2020/02/17 7:30:16 AM GMT","janine","I Agree","16-18 years","Female","Yes","-Studying
-Eating
-Using phone
-Sleeping","5 (The internet is life)","netflixs, youtube, minecraft, disney plus","PC/Mac","Minecraft","1-2 hours","RPG (Role-Playing Game);FPS (First Person Shooter","CoolMath games","school","like: fun and entertaining
dislike: has nothing to do with math","add more educational aspects in the game","they are good time killers, but has nothing to do with math when it has “math” in the name","Yes"
"2020/02/17 9:51:59 AM GMT","Jordan Cole Tran","I Agree","18-25 years","Male","Yes","6:00am - 2:30pm = School Hours
2:30pm - 3:30pm = Gym Hours
4:30pm - 10:00pn = Study/Free Time
10:00pm = Sleep","4 (A lot)","YouTube ","Phone","Minecraft ","Less than an hour","RPG (Role-Playing Game);FPS (First Person Shooter;Open World Sandbox","Adventure Quest Worlds;CoolMath games","Classmates","Interesting Characters","More Content","“Introduce your siblings to this game”","Yes"
"2020/02/18 5:35:08 AM GMT","Billy Zhang","I Agree","18-25 years","Male","No","Games","5 (The internet is life)","Reddit, Youtube","PC/Mac","No","3+ hours","RPG (Role-Playing Game)","Adventure Quest Worlds","Friends","","Game-depth and GUI ","","Yes"